ids,show,title,genre,start,end
YUx8W-dt1NA,Stanton Today,2950-01-16: Mass arrests in Lorville,news,,
Ts2XbS6AJYU,Stanton Today,2950-01-21: Why are people standing up?,news,,
LHT1fYRBHUE,Stanton Today,2950-01-29: Daymar Rally summary and interview,news,,
e9EDCQpLqwM,Stanton Today,2950-02-12: Unions VS UEE court case come to an end,news,,
y0-VgOPerOA,Stanton Today,2950-02-20: Elections for Imperator underway,news,,
PEwRwFMjNeY,Stanton Today,2950-03-11: Automated prison in Stanton,news,,
0Af4FVgwYBc,Stanton Today,2950-03-16: Secondary voting complete,news,,
Uo-9Y_ldu2k,Stanton Today,2950-06-09: Invictus Launch Week summarised,news,,
S80Cmx_FrAc,Stanton Today,2950-06-30: GrimHEX Renovations,news,,
a6fSj2lN1MY,Stanton Today,2950-07-20: Standing Chair Protestors,news,,
EYhub_sugUY,Stanton Today,2950-09-08: Mira Ngo Interview,news,,
yQZ8jlq_Pmk,Stanton Today,2951-04-07: Mars Holiday Hiatus,news,,
QB9tNrsK39A,Stanton Today,2951-04-20: Tour de 'Verse,news,,
gFSsdcWVa8U,Stanton Today,2951-05-02: Tour de Verse 2951 - First week,news,,
zVgAR4zUf9g,Stanton Today,2951-05-09: Tour de Verse 2951 - Final week,news,,
umApFiwVHAc,Stanton Today,2951-05-17: Invictus Launch Week,news,,
_BI-MDTsT-A,Stanton Today,2951-05-31: Orison repairs,news,,
ZQGGhLP4prA,Stanton Today,2951-06-21: Banu message for the Empire,news,,
HgxcRvFTwR4,Stanton Today,2951-07-06: XenoThreat operating in the shadows,news,,
vcHwZKQ3gPk,Stanton Today,2951-07-29: Whammer\'s anniversary,news,,
vBTlFr-g6q4,Stanton Today,2951-09-13: Military presence at Crusader,news,,
jRXSjecnPew,Stanton Today,2951-10-04: 990 years of human space travel,news,,
fTi-Gpei4ds,Stanton Today EX,2951-08-26: XenoThreat returning,news,,
Ub1MdpzXfUk,Stanton Today EX,2951-08-29: XenoThreat Report #1,news,,
fTLvivwFCM0,Stanton Today EX,2951-08-30: XenoThreat Report #2,news,,
CE1RVtK3-oU,Stanton Today EX,2951-09-02: XenoThreat Report #3,news,,
lKOueFsSfuM,Stanton Today EX,2951-09-05: XenoThreat Report #4,news,,
tgAOJu_eE4Q,Stanton Today EX,"2951-09-28: Fortunes, gone!",news,,
GAVKka7awVg,Stanton Today EX,2951-10-07: Rumors regarding UEE bank bug,news,,
PNSHWlsITg8,Stanton Today EX,2951-10-10: Credit wipe: hoax or real?,news,,
tu5FSFzm0qk,The Spin,Nature and Well-Being,lifestyle,,
Ccmw9hKHnSw,The Spin,Fueled Motion,lifestyle,,
OWoiF6RLjy8,The Spin,Fashion,lifestyle,,
exJi4m7oZwU va1XZbkCOBA ChzKZtIbcdM f9-agcr9Wrk waViZBJL6Xw RXvhBi33Vqk lyRsI8mF0Sg bw-6w82eB8o,Whitley's Guide,Intergalactic Aerospace Expo 2949,documentary,,
N9OAuViakOc o2FNBi90l9Q QOu7IPArxX0 PfB228kYlhI 6zblVvZxoVs,Whitley's Guide,Intergalactic Aerospace Expo 2950,documentary,,
91FuH77lPzk hUqhFlcol70 U2Jl5WnoVpA WOFwUsmEZ4E ni-Xj71Zmuo,Whitley's Guide,Intergalactic Aerospace Expo 2951,documentary,,
41Q7uSF3ijU az5Z8ZT1xNM mkKwJ8gjn_k gRocgiC7BqE BcemmXgVvgk b3G34-lgGV8 psL3uXknFnQ a6EPOK6jviw u-ATmag0RJs LODrpwBoZe4 wFDIW6W1wRc,Whitley's Guide,Intergalactic Aerospace Expo 2952,documentary,,
Mj5dMa8XaVc,Whitley's Guide,Intergalactic Aerospace Expo 2953,documentary,,
k0PN1rd55TU wvW-7cXtlOc,Garman Humble: Security Professional,IAE 2953 Special Episode,documentary,,
Mzw4fTnwV8I sG-CX6QMQwE hnWQswlMUS4,Mahli's Diary,Mahli Goes To Orison,lifestyle,,
olxI7X7eac8,CitizenCon 2947,Consolidated Outland introduces the Pioneer,documentary,,
OMGs63MsSBI 3FSFjR0p4Z8 2eKotGpwjbE IxJj-Tkp8P4 6aeRYrT8Zso YYeBhPvhybk 4vE6wrgZ3vw tYQCtaP54qQ _WTvS6nSSvQ,Galactic Tour,Intergalactic Aerospace Expo 2948,documentary,,
_SpsjUHj_II,Galactic Gear,Origin M50 Review,documentary,,
zPJA54sWAec,The Reunion,Feature film,film,,
3V7GFDI7KqE LILX8w5wBg8,The Jumptown Wars,Presented by AstroPub & Paul Shelley,documentary,,
3a3a9IJlbfU,Imperial Geographic,Daymar Rally 2950,documentary,,
CxKMn0_fS-E,Galactic Geographic,Ashes of Hades,documentary,,
Aki0qnMj3Ho,Galactic Geographic,Microtech Neural Link,documentary,,
Oun780wv7k0,Hardspace,Episode 1,show,,
9IRDUR3ptzI,Hardspace,Episode 2,show,,
Q0QOkyY8QYY,Hardspace,Episode 3,show,,
4-rNwpRr43I,Hardspace,Episode 4,show,,
4GU8cvXBrEk,Hardspace,Episode 5,show,,
Xl9Oi_Tm8ds,Hardspace,Episode 6,show,,
Ta445VjpaTs,Hardspace,Episode 7,show,,
oy_HYrhMpRc,BWC Nocturne,Episode 1,show,,
VzpRo-If95M,BWC Nocturne,Episode 2,show,,
g17pqH3PCko,BWC Nocturne,Episode 3,show,,
5RpAPvjzEqc,BWC Nocturne,Episode 4,show,,
LrH8Jxj1t9Y,BWC Nocturne,Episode 5,show,,
Jd0MaDCDOCQ,The Astro Historian,The Medical Miracle Workers of Bioticorp,documentary,,
2Vp3xnDZZ-Q,The Astro Historian,Capital Ships Of The UEE Navy,documentary,,
eGPhpIZRVBU,The Astro Historian,The Alien Response To Humanity: Aopoa San'tok.yai,documentary,,
8SHZRUF7PXU,The Astro Historian,First Bloody Interplanetary War: Unification Wars,documentary,,
w0N7BOah05U,The Astro Historian,Complete Look At Every Religion In Star Citizen,documentary,,
vwGonAicDY0,Horizon's Edge: History of Space Flight,Episode 1: The Hard Climb,documentary,,
UzXdE_0RIiM,Horizon's Edge: History of Space Flight,Episode 2: Pioneers,documentary,,
jvlkDUSVALI,Horizon's Edge,Day of the Vara,documentary,,
Ge7doExa5I8,Real Lives,Episode 1: Introducing Willie Dustice!,reality,,
90-kz2ahrDM,Real Lives,Episode 2: Willie vs the Noodle Bar!,reality,,
EDu16e4-P6g,Real Lives,Episode 3: Willie vs Lorville landing services!,reality,,
hE4lgaSzJ2I,Real Lives,Episode 4: Willie vs Zeta-Prolanide!,reality,,
u6nHg0i3JKI,Real Lives,Episode 5: Willie vs The Airless Void of Space!,reality,,
9wc4d4kRbSA,Real Lives,Episode 6: Willie vs Almost Nearly Dying!,reality,,
eoRtWa7bJcU,Kalani's Diary,Episode 1: What a Weird Day,show,,
ux_GHPg2lVg,Kalani's Diary,Episode 2: The One Where I Buy a Ship,show,,
EAe_pmZI-kI,Kalani's Diary,Episode 3: A Jumptown Get Down,show,,
x0T1vxkCiaw,Kalani's Diary,Episode 4: Lo-Fi Beats to Deliver Boxes to,show,,
eZvlQxLHtns,Kalani's Diary,Episode 5: I'm Sick of this Ship,show,,
Kmyz9LNObsc,Kalani's Diary,Episode 6: The Daredevils of Daymar,show,,
iQp6T961gIo,Overclocked,Episode 1,show,,
gn9NsvwTe6I,Overclocked,Episode 2,show,,
QssrUEv8N_U,Overclocked,Episode 3,show,,
Txe5FTHb9HA,Overclocked,Episode 4,show,,
6UiIMGfwWd4,Overclocked,Episode 5,show,,
Wa4DUQhUzkQ,Overclocked,Episode 6,show,,
o5rDWjNa6SU,Overclocked,Episode 7,show,,
rn1-OirIe9g,Ava IRL,Episode 1: Wake Up Call,show,,
qAVZyLCTFUc,Ava IRL,Episode 2: Rover Robbery,show,,
S035ezmyiuQ,Ava IRL,Episode 3: The Pick Up,show,,
wkJU7bD4rwE,Ava IRL,Episode 4: Liquid Therapy,show,,
yrttazI-UWE,RIFT,Episode 1,show,,
3OJDbs1_g30,Fat Bird,The STV Review Greycat Didn't Ask For,show,,
raEZs0NFnkU,Fat Bird,EMERGENCY LANDING leads to Unexpected Friends,show,,
fYGtmSQgGhY,Cross Over,,show,,
clySIQFZiEM,Last Son of Port Olisar,,film,,
a6vqFl88OYs MgfD46vjBe8,Mega Transporters,,documentary,,
ccncLPDRbwk,The Orison Accord,,film,,
Sb2ihK0ubRA,Adrift,Episode 1,show,,
igg6QIjrYIk,Legend of the Space Cowboy,,film,,
cN8xJQWkqRk,Sandstorm,,film,,
7lLqeYRbfUw,Stanton Today EX,2021-10-16: Caplan Stadium Cup,news,,
aAyMrCapBjI,Stanton Today EX,2021-10-19: Bank bug interviews,news,,
hfqr7czGAXs,Stanton Today EX,2021-10-29: Expo Location Change,news,,
YTwFgchkx6s,Stanton Today EX,2021-11-10: Wipe Crisis Averted!,news,,
3Sx6A4wWVu0,Stanton Today,2021-11-15: Cousin Crows Accident,news,,
L9lzB8XJNkk,Stanton Today EX,2021-11-19: IAE 2951,news,,
UJ_V1YYi17Q,Stanton Today EX,2021-11-29: 2951 Expo Closing,news,,
Tli73yZarLk,Stanton Today,2021-12-10: Major Accident on Hurston,news,,
h2mpuOcLd2c,Lights: A Luminalia Story,,film,,
YMcDsF1Ygpo,A New Beginning,,film,,
HWkEw9LHH5s,Hubwire Galactic,Addison's First Year in Office,news,,
_dOyyN5BLbg,Hubwire Velocity,Daymar Rally begins,news,,
BVseqf5Ag1Y,Hubwire Velocity,Navy Interview & XenoThreat,news,,
EWEyctURGco,Hubwire Velocity,Strange Testimonies from CDF Pilot,news,,
XVGP_1WlS_0,A Coramor Speed Cruise,,show,,
p82P_I-fltA,Hubwire Velocity,First Annual Org-Con,news,,
kAdvdqqlFdI,Hubwire Galactic,"Outlaw tactics, XenoThreat analysis, Daymar Rally",news,,
KYIqAiPGy7w,Hubwire Velocity,Drug Lab Siege,news,,
ybGOn6NZjLk,Hubwire Velocity,Stella Fortuna,news,,
v3q8yq58Gt0,Hubwire Velocity,UEE Media Control Bill,news,,
eklheUX46WA,Hubwire Express,Grenade Launcher Ban for Civilians,news,,
rzQaqvVkgxY,The Nova Intergalactic 8K Cruise,,show,,
mf2at-Au_xI,Hubwire Velocity,UEE Senate Moves Forward with Civilian Arms Bill,news,,
drGpRJLmkiU,Hubwire Velocity,Hurston Dynamics Reopens Maria Hospital,news,,
jhQiRiecJRE,Hubwire Velocity,Shootyball,news,,
LbCwQPDcQbk,HubWire,Invictus Launch Week 2952 - Live Coverage,news,,
vcCHqoDyR3Y,Guidance,New Pilot Ship Guide,info,,
7pnaZAx0Ihk,Hubwire Galactic,Orison Under Siege,news,,
WDr4BCzjfT0,Hubwire Velocity,Widespread Crime in Stanton,news,,
Yk1b9QB9fC8,Hubwire Velocity,Interview with Crusader Board Member,news,,
jdgVzNPrWLQ,Hubwire Velocity,Attacks on Orison Come to an End,news,,
2VEIekCJcZ0,Hubwire Galactic,Adrenaline is Pumping in New Babbage,news,,
c-VwpNFonJU,Hubwire Galactic,IAE 2952 Special,news,,
2MFoDd3VkzA,Hubwire Velocity,IAE 2952 Summary,news,,
Bd-b4wwhU-4,Beacon Banu,,film,,
tHPJw_Kz1-g,Hubnet,2952: Most Important News Stories,news,,
O7Xp6Mxgz0I,Hubwire Galactic,Trash is Piling in Stanton,news,,
jQjSkOjCiLs,Hubwire Galactic,Invictus 2953 Preparations,news,,
bUmBk0dXlRc,Hubwire Galactic,Invictus 2953 Special,news,,
Hsb--aNyP4M,Hubwire Velocity,Organizations Exhibit in Area18,news,,
hYaPDfuIbk4,Hubwire Galactic,IAE 2953 Special,news,,
CAmfRmnviA4,Snapshots,"Episode 1: 500,000 Credits",show,,
Oq7b7ESyzAM,Snapshots,Episode 2: Working in HR,show,,
Kl0VwzM0mCM,Snapshots,Episode 3: Working in Editorial,show,,
EFr0rp9X89A,Snapshots,Episode 4: Running the Show,show,,
I6nm2vkw524,Oliver Zark's Vlog,Episode 1: Delivering Boxes,show,,
NKymlT9ANUI,One Man's Journey,,film,,
PXhtBkv30S0 _gnz85uijFI,Element 177,,film,,
voXAKIB7X08,Knight Owl Division,"Episode 0: Another Sol, Another Dollar",show,,
nl50SDG6CxM,Knight Owl Division,Episode 1: Midnight Rider,show,,
Ime90GFZKuQ,Knight Owl Division,Episode 2: Blacklight Tide,show,,
vOc3CthOuBk,The Puppet Master,Episode 1: Patikov,show,,
DfLr_V_j-2o,The Verse View,Episode 1: Lonely in the Molehill,show,,
kZnptDHdIFQ,The Verse View,Episode 2: Quantity Before Quality,show,,
NhNlwRIySHs,The Verse View,Episode 3: The Need for Speed,show,,
KSJSh4NmVk8,Emergence,Episode I,show,,
OtaowF6VIEM,Emergence,Episode II,show,,
Rw58N-yw84E,Emergence,Episode III,show,,
pZ9cpuyCdRw,Emergence,Episode IV,show,,
RGrAoN9PpJM,The Photonauts,Episode 1: Adrift Among the Stars,show,,
2mDcZXUM6l0,The Photonauts,Episode 2: Echoes from the Past,show,,
Yqp3wePHu14,The Photonauts,Episode 3: Troubles and Losses,show,,